article_id,source,source_type,source_label,title,url,author,published_at,published_dt,collected_at,language,word_count,char_count,has_content,polarity_score,sentiment_label,n_pos_terms,n_neg_terms,flag_dividendo,flag_oportunidade,flag_risco,flag_crise,flag_vacancia,flag_inadimplencia,score_dividendo,score_oportunidade,score_risco,score_crise,score_bm25,score_tfidf,score_hybrid,mi_article_score,content_hash,query_used,ingestion_method
05df63d683cc63ecbd9749a45eacd1b8c2412f8b37cca8dbd37e6551f66749c8,investidor10.com.br,scraping,Investidor10,Ideias Ações Fundos Imobiliários Stocks ETFs BDRs Criptomoedas Índices Commodities Renda Fixa Tesouro Direto Mais Divide,https://investidor10.com.br/acoes,,,,2026-06-14T18:38:19.467289+00:00,pt-br,1027,6814,True,0.19,positivo,26,24,True,False,True,False,False,False,0.2857,0.0,0.1429,0.0,0.0,0.0,0.0,0.0,9af01e040812af9157665fd669be9327,fii,requests+bs4
094c094428fb28b38bb48ae3d17c113e53f5d54b9c330237f14a727ec8661f8d,statusinvest.com.br,scraping,Status Invest,menu search visibility visibility_off CONHECER PLANOS INTERNACIONAL arrow_drop_down MERCADO INTERNACIONAL home STOCKs Tu,https://statusinvest.com.br,,,,2026-06-14T18:38:05.443042+00:00,pt-br,97,770,True,0.8,positivo,2,0,True,False,False,False,False,False,0.1429,0.0,0.0,0.0,1.2705,0.0338,0.5329,0.7065,903c9ec054af081b9a868ecad39b6b77,fii,requests+bs4
110a6c84d84a550a04149dded124aad2e73de9d1b34e3f673e108c3249a244bd,seudinheiro.com,rss,Seu Dinheiro,De Cury (CURY3) a Natura (NTCO3): as ações que mais ganharam e perderam no Ibovespa nesta semana,https://www.seudinheiro.com/2026/bolsa-dolar/cury-cury3-salta-e-natura-ntco3-lidera-a-ponta-negativa-veja-os-destaque-do-ibovespa-na-semana-lvgb,Seu Dinheiro,"Sat, 13 Jun 2026 18:47:00 +0000",2026-06-13T18:47:00Z,2026-06-14T18:37:51.338775+00:00,pt-br,861,5102,True,-0.135,neutro,4,6,False,True,True,True,False,False,0.0,0.1667,0.2857,0.25,0.0,0.0,0.0,0.0,ec0b1a0a9e44ab8eab16814c5516234c,papel,feedparser
38e84f4ca8b51a8c516fcd305b52a73bb588ea428cd2e1f04767b1e2a0a94397,moneytimes.com.br,rss,Money Times,"Suzano (SUZB3), Vitru (VTRU3) e mais uma empresa pagam dividendos nesta semana; veja o calendário",https://www.moneytimes.com.br/dividendos-da-semana-12-6-26-apsa,Anna Scabello,"Sun, 14 Jun 2026 16:00:00 +0000",2026-06-14T16:00:00Z,2026-06-14T18:37:50.226902+00:00,pt-br,136,842,True,0.5818,positivo,9,2,True,False,False,False,False,False,0.4286,0.0,0.0,0.0,0.0,0.0,0.0,0.0,210a298a7ab8d47714601b1500713827,dividendo,feedparser
3c06c4b53e0d3146c57b34413abbaff3e0d22d82e420f728b1212a232d9ae2fd,fundsexplorer.com.br,scraping,Funds Explorer,Setores Selecionados search Selecionar Todos Agências de Bancos Agricultura agro crédito Educacional Exploração de Imóve,https://www.fundsexplorer.com.br/ranking#s10,,,,2026-06-14T18:38:03.407637+00:00,pt-br,77,607,True,0.55,positivo,1,0,True,False,False,False,False,False,0.1429,0.0,0.0,0.0,6.6796,0.1067,0.9912,0.8606,ade529a4ace7e93aca20ca0aa9ed197a,fii,requests+bs4
4185517071ca2e3e9beedc48c303ea0cc699a83cc29c6030d82af6c969bd0b7d,empiricus.com.br,rss,Empiricus,"Ibovespa hoje: novo ‘tarifaço’, petróleo voltando a subir e IPO trilionário no ‘radar’; confira o que mexe com os mercados hoje",https://www.empiricus.com.br/artigos/investimentos/ibovespa-hoje-novo-tarifaco-petroleo-voltando-a-subir-e-ipo-trilionario-no-radar-confira-o-que-mexe-com-os-mercados-hoje-imsd,Matheus Spiess,"Tue, 02 Jun 2026 13:49:03 +0000",2026-06-02T13:49:03Z,2026-06-14T18:37:49.115577+00:00,pt-br,1516,10282,True,0.2053,positivo,13,6,False,True,True,True,False,False,0.0,0.3333,0.5714,0.25,0.0,0.0,0.0,0.0,2e76ed773d79199587cbbae0c9945f4e,reit,feedparser
63c3d8bd43296ba1cc909f18eb255d30f1e09b2d732dabcbc9f71b355ab14997,seudinheiro.com,rss,Seu Dinheiro,Por que o mercado reagiu mal à troca de CFO do Nubank (ROXO34)? Veja o que diz a Empiricus,https://www.seudinheiro.com/2026/patrocinado/empiricus/por-que-o-mercado-reagiu-mal-a-troca-de-cfo-do-nubank-roxo34-veja-o-que-diz-a-empiricus-lbrdjt002,Julia Takeashi,"Sun, 14 Jun 2026 11:00:00 +0000",2026-06-14T11:00:00Z,2026-06-14T18:37:51.331072+00:00,pt-br,780,5162,True,0.085,neutro,6,4,True,True,True,False,False,True,0.1429,0.3333,0.1429,0.0,0.0,0.0,0.0,0.0,12b4a0cbbababa7dd811809c96749ac6,papel,feedparser
6458fdf56050c1bc265269495f9b9cd9d0cb1aed9c9ff155daa5aa19f00aee8a,cnnbrasil.com.br,rss,CNN Brasil Business,Cantor Oliver Tree é um dos mortos em acidente aéreo no Rio; veja vítimas,https://www.cnnbrasil.com.br/nacional/sudeste/rj/cantor-oliver-tree-e-um-dos-mortos-em-acidente-aereo-no-rio-veja-vitimas,Rafael Saldanha,"Sun, 14 Jun 2026 16:40:37 +0000",2026-06-14T16:40:37Z,2026-06-14T18:37:53.787150+00:00,pt-br,1182,7425,True,-0.69,negativo,0,5,False,False,False,True,False,True,0.0,0.0,0.0,0.125,0.0,0.0,0.0,0.0,7ec85e5a8668ffc6f232f261d0e6a55d,reit,feedparser
64e38400c8b0c4b00976996345c0c4ad248b9a7997b08b955a8ab87ebcb45f31,moneytimes.com.br,rss,Money Times,"CSN (CSNA3) incia processo para venda de ativos de infraestrutura, diz jornal",https://www.moneytimes.com.br/csn-csna3-incia-processo-para-venda-de-ativos-diz-jornal-lils,Liliane de Lima,"Sun, 14 Jun 2026 14:12:40 +0000",2026-06-14T14:12:40Z,2026-06-14T18:37:50.232868+00:00,pt-br,361,2128,True,-0.4167,negativo,1,11,False,False,True,True,False,False,0.0,0.0,0.1429,0.25,0.0,0.0,0.0,0.0,8eb80e6be50a2789b0c920f3ae31b7c2,logística,feedparser
7f807d8899f2d52d517b646d4f0138720232d0600f388a8a5f47766da2e029de,statusinvest.com.br,scraping,Status Invest,"DIVIDENDOS CLIN11 CLAVE ÍNDICES DE PREÇOS FDO DE INV IMOB R$ 1,1500 09/06/2026 Rendimento arrow_right PCIP11 Patria Créd",https://statusinvest.com.br/fundos-imobiliarios/clin11,,,,2026-06-14T18:38:05.488102+00:00,pt-br,80,625,True,0.7625,positivo,8,0,True,False,False,False,False,False,0.2857,0.0,0.0,0.0,6.1712,0.2101,1.0,0.9288,f08357e2bbd7b3c136f8d01ed620623c,dividendo,requests+bs4
89ba6e036a3ec7b47b59a9947ac3eb5e3ea6c293ec59597104d57825c8cfaf19,empiricus.com.br,rss,Empiricus,"Banco do Brasil (BBAS3), Gerdau (GGBR4) e mais 7 empresas pagam dividendos esta semana",https://www.empiricus.com.br/artigos/investimentos/banco-do-brasil-bbas3-gerdau-ggbr4-e-mais-7-empresas-pagam-dividendos-esta-semana-alog-lbrdcp154,Camila Paim,"Sun, 07 Jun 2026 11:00:00 +0000",2026-06-07T11:00:00Z,2026-06-14T18:37:49.098375+00:00,pt-br,403,2637,True,0.8269,positivo,26,0,True,False,False,False,False,False,0.8571,0.0,0.0,0.0,0.0,0.0,0.0,0.0,03b47d867f58ac925543c49d21c6ffca,dividendo,feedparser
8f2d184936008b17227606e4bdf2ba2da028478d358e4c9fe83b57d537693853,investidor10.com.br,scraping,Investidor10,"Mais buscados NVDC34 R$ 21,64 0,00% AAPL34 R$ 73,40 0,00% GOGL34 R$ 152,18 0,00% GOGL35 R$ 150,97 0,00% MSFT34 R$ 82,18",https://investidor10.com.br/bdrs/nvdc34,,,,2026-06-14T18:38:19.517724+00:00,pt-br,78,498,True,0.85,positivo,2,0,True,False,False,False,False,False,0.1429,0.0,0.0,0.0,0.0,0.0,0.0,0.0,2ad481c827392339d34d14355869e037,dividendo,requests+bs4
8f6c688189dab2b20c028f0feb4de7b746aceccdc8ebde269a8b92f0a12709e0,empiricus.com.br,rss,Empiricus,Nova era dos computadores? Entenda novo foco de empresas de tecnologia e como investir agora,https://www.empiricus.com.br/artigos/investimentos/nova-era-dos-computadores-entenda-novo-foco-de-empresas-de-tecnologia-e-como-investir-agora-lbrdjm007,Julia Martins,"Sat, 13 Jun 2026 15:00:00 +0000",2026-06-13T15:00:00Z,2026-06-14T18:37:49.069487+00:00,pt-br,490,3083,True,0.275,positivo,3,1,True,True,False,True,False,False,0.1429,0.1667,0.0,0.125,3.6492,0.0349,0.7543,0.6597,4b6c4fc5aa4801f195789de84e2af55e,fundos imobiliários,feedparser
b23713b09c2c6b5e5e7547529d7e8c5dc0749f948e817db2e9fa8a56cc437c50,fiis.com.br,scraping,FIIs.com.br,"12/06/2026 às 16:20 IRIM11 pagará maior dividendo em 17 meses e lucra R$ 29,48 milhões; veja detalhes O fundo imobiliári",https://fiis.com.br/noticias/fundo-imobiliario-irim11-paga-maior-dividendo-17-meses-lucra-milhoes-maio-jj,,,,2026-06-14T18:38:09.373873+00:00,pt-br,74,461,True,0.8,positivo,2,0,True,False,False,False,False,False,0.1429,0.0,0.0,0.0,0.0,0.0,0.0,0.0,2037fd03b5802ab758ef30cc6d5efae2,fundo imobiliário,requests+bs4
b74a7e911fe182b58e97b563049955b3edc0b2f049505095976cedc2f74678bb,fiis.com.br,scraping,FIIs.com.br,"O fundo imobiliário IRIM11 encerrou maio com resultado distribuível de R$ 29,482 milhões, equivalente a R$ 0,84 por cota",https://fiis.com.br/#s13,,,,2026-06-14T18:38:09.374034+00:00,pt-br,57,359,True,0.75,positivo,1,0,False,False,False,False,False,False,0.0,0.0,0.0,0.0,0.0,0.0,0.0,0.0,a35ab278e8cf470946d39fb8dd1fd885,fundo imobiliário,requests+bs4
c60e67d5de4807f2615e4cd4b559d0fad8b344d92f3d0a8c893a10ccc40ec150,cnnbrasil.com.br,rss,CNN Brasil Business,Veja trajeto de helicópteros que colidiram no ar e caíram em pátio no Rio,https://www.cnnbrasil.com.br/nacional/sudeste/rj/veja-trajeto-de-helicopteros-que-colidiram-no-ar-e-cairam-em-patio-no-rio,Bruna Lopes,"Sun, 14 Jun 2026 16:25:52 +0000",2026-06-14T16:25:52Z,2026-06-14T18:37:53.788604+00:00,pt-br,615,3799,True,-0.65,negativo,0,5,False,False,False,True,False,False,0.0,0.0,0.0,0.125,0.0,0.0,0.0,0.0,5d9e70ecfc7a6a607d58ed172ea2466d,reit,feedparser
cea32a84a996ee97b7354103c28fe61a325ebe3bdc3c98c9e91c96d7fbf234b5,cnnbrasil.com.br,rss,CNN Brasil Business,Vídeo mostra momento que um dos helicópteros cai no RJ; assista,https://www.cnnbrasil.com.br/nacional/sudeste/rj/video-mostra-momento-que-um-dos-helicopteros-cai-no-rj-assista,Felipe Andrade,"Sun, 14 Jun 2026 14:51:45 +0000",2026-06-14T14:51:45Z,2026-06-14T18:37:53.821230+00:00,pt-br,434,2743,True,-0.65,negativo,0,3,False,False,False,True,False,False,0.0,0.0,0.0,0.125,0.0,0.0,0.0,0.0,756d34b8b6f8e3a92afa6834a395082d,reit,feedparser
d57e4291e180c40e23fdc0f61f1fb2a8c3a7dae1f89af83498923cf1f85c9993,cnnbrasil.com.br,rss,CNN Brasil Business,"Vitinha admite força de Portugal na Copa, mas alerta: “No papel, nada vale”",https://www.cnnbrasil.com.br/esportes/futebol/copa-do-mundo/vitinha-admite-forca-de-portugal-na-copa-mas-alerta-no-papel-nada-vale,pedro.sposito3078,"Sun, 14 Jun 2026 14:15:20 +0000",2026-06-14T14:15:20Z,2026-06-14T18:37:53.830314+00:00,pt-br,435,2546,True,0.525,positivo,2,0,False,False,False,False,False,False,0.0,0.0,0.0,0.0,0.0,0.0,0.0,0.0,4f9a86178fc1f85050ee0fe4303bd9de,papel,feedparser
d6bc31aeb685239395d40a5c712e72ae06896b90cd719e6bbac4ae346fa0e931,borainvestir.b3.com.br,scraping,Bora Investir (B3),Ir conteúdo Ir menu mobile Ir menu Ir rodapé Notícias Empresas ESG Mercado Imposto de renda Desenrola Colunistas Objetiv,https://borainvestir.b3.com.br/#main-content,,,,2026-06-14T18:38:23.841788+00:00,pt-br,163,1135,True,0.55,positivo,6,0,True,False,False,False,False,False,0.1429,0.0,0.0,0.0,5.2628,0.1208,1.0,0.865,707f5f43280eae35b209a30ddb7ffc77,fii,requests+bs4
e090949a359cf99fe0a84e7c062b0ad64de1c76d736e21b0ca20dda7c32ba7eb,sunoresearch.com.br,rss,Suno Research,Asset management: o que é gestão profissional de investimentos,https://www.suno.com.br/artigos/asset-management-o-que-e-gestao-profissional-gss,Guilherme Serrano Silva,"Wed, 13 May 2026 14:19:51 +0000",2026-05-13T14:19:51Z,2026-06-14T18:37:55.977756+00:00,pt-br,1592,11165,True,0.1413,neutro,14,9,True,True,True,False,False,False,0.1429,0.3333,0.4286,0.0,0.0,0.0,0.0,0.0,b309fa79ade4698b99b6af277bfa9752,fundos imobiliários,feedparser
e28da381a0e243911c25ca97b189a46cdd49492e70030ab770c0d5c24738a31c,sunoresearch.com.br,rss,Suno Research,Finanças pessoais: guia completo para organizar sua vida financeira,https://www.suno.com.br/artigos/financas-pessoais-guia-organizar-vida-financeira-gss,Guilherme Serrano Silva,"Wed, 13 May 2026 14:19:55 +0000",2026-05-13T14:19:55Z,2026-06-14T18:37:55.968133+00:00,pt-br,2144,14685,True,0.1,neutro,18,13,True,True,True,False,False,False,0.1429,0.3333,0.2857,0.0,0.0,0.0,0.0,0.0,be115d35c859826e45acd60c8e7025b7,fii,feedparser
e93524ca84656f9e9b0061da491116cf518a3a306857fb53a98f886839194ade,euqueroinvestir.com,scraping,Eu Quero Investir,Home Fundos Imobiliários Fundos Imobiliários Fundos Imobiliários Pátria aposta em consolidação dos FIIs e vê oportunidad,https://euqueroinvestir.com,,,,2026-06-14T18:38:21.859563+00:00,pt-br,683,4413,True,0.6136,positivo,11,0,True,True,False,False,False,False,0.1429,0.6667,0.0,0.0,6.1556,0.0813,0.9347,0.8514,4ebdd0b3bcab45041229f005e4c220ca,fii,requests+bs4
f13f48945b3ca5c5dfee6a5e86b1d1ef0684f9fe8cde96f73afeb0da8d0d1710,investidor10.com.br,scraping,Investidor10,"Mais buscados IVVB11 R$ 424,10 0,00% GOLD11 R$ 22,12 0,14% BOVA11 R$ 167,92 0,05% NASD11 R$ 20,90 0,00% HASH11 R$ 41,23",https://investidor10.com.br/etfs/ivvb11,,,,2026-06-14T18:38:19.515069+00:00,pt-br,82,516,True,0.85,positivo,2,0,True,False,False,False,False,False,0.1429,0.0,0.0,0.0,0.0,0.0,0.0,0.0,090de3d1316c293d8444ef59e3d300d5,dividendo,requests+bs4
fb1d7bba184596c0ec2d1d63eb74ed8e098a8845b47865b95882bc37a328dc6b,empiricus.com.br,rss,Empiricus,Mercados entre a resiliência dos ativos de risco e a intensificação das tensões no Oriente Médio; veja os destaques desta quarta (3),https://www.empiricus.com.br/artigos/investimentos/mercados-entre-a-resiliencia-dos-ativos-de-risco-e-a-intensificacao-das-tensoes-no-oriente-medio-veja-os-destaques-desta-quarta-3-jrey,Matheus Spiess,"Wed, 03 Jun 2026 13:49:35 +0000",2026-06-03T13:49:35Z,2026-06-14T18:37:49.111627+00:00,pt-br,1958,12808,True,0.14,neutro,15,10,False,True,True,True,False,False,0.0,0.1667,0.7143,0.125,2.9568,0.0495,0.8692,0.4766,9eb539e1f29029c4bee2f44444e5c6e9,reit,feedparser
fe64f0664d02ab6d6468597fb68149612c27d8e54ee45891bd8e6a2408343812,empiricus.com.br,rss,Empiricus,"MXRF11, HGLG11, BTLG11 e mais fundos imobiliários com atualizações esta semana; confira",https://www.empiricus.com.br/artigos/investimentos/mxrf11-hglg11-btlg11-e-mais-fundos-imobiliarios-com-atualizacoes-esta-semana-confira-capf,Caio Araújo,"Tue, 02 Jun 2026 13:26:17 +0000",2026-06-02T13:26:17Z,2026-06-14T18:37:49.116917+00:00,pt-br,876,5278,True,-0.1118,neutro,7,10,True,True,False,False,True,False,0.1429,0.1667,0.0,0.0,12.9188,0.1297,1.0,0.7335,495da6758435c223c8b03d0f63b5bcc1,fundos imobiliários,feedparser
fe7914213bd444944ba72a13a2cf0f3becab7a3ceee09fb6cbbbb2dcaa615390,investidor10.com.br,scraping,Investidor10,"Mais buscados NVDA US$ 205,19 0,11% AAPL US$ 291,13 0,00% GOOGL US$ 359,68 0,06% GOOG US$ 358,16 0,06% MSFT US$ 390,74 0",https://investidor10.com.br/stocks/nvda,,,,2026-06-14T18:38:19.512241+00:00,pt-br,85,551,True,0.85,positivo,3,0,True,False,False,False,False,False,0.1429,0.0,0.0,0.0,0.0,0.0,0.0,0.0,b9d6db85dffb72861812662a8e5ee95e,dividendo,requests+bs4
082dd5e776254bceea83e118ca13dab892bdadf354b66f4564eaa5cde8ae6132,empiricus.com.br,rss,Empiricus,"Ibovespa hoje (8): da euforia à cautela, mercados iniciam semana com inflação, guerra e inteligência artificial (IA) no radar",https://www.empiricus.com.br/artigos/investimentos/ibovespa-hoje-da-euforia-a-cautela-mercados-iniciam-semana-com-inflacao-guerra-e-inteligencia-artificial-no-radar-alzs,Matheus Spiess,"Mon, 08 Jun 2026 13:27:00 +0000",2026-06-08T13:27:00Z,2026-06-14T18:37:49.093393+00:00,pt-br,2133,13952,True,0.3737,positivo,15,4,False,True,True,True,False,False,0.0,0.5,0.2857,0.125,0.0,0.0,0.0,0.0,79b6dc687600c1132ad7b2f0371fbab1,reit,feedparser
08d27b5644ee97c72c57e365be20eb47cabec4129d09c7cae3d1bd59b57a1518,cnnbrasil.com.br,rss,CNN Brasil Business,O que é muxarabi? Entenda e confira dicas para usar na decoração,https://www.cnnbrasil.com.br/lifestyle/o-que-e-muxarabi-entenda-e-confira-dicas-para-usar-na-decoracao,lucastmachado,"Sun, 14 Jun 2026 15:30:51 +0000",2026-06-14T15:30:51Z,2026-06-14T18:37:53.813446+00:00,pt-br,911,6052,True,0.5333,positivo,3,0,False,False,False,False,False,False,0.0,0.0,0.0,0.0,0.0,0.0,0.0,0.0,4c1e57b0e0718e8531f4cb745469c027,papel,feedparser
0f83e4d6c7c493e36be077ee738509d74d6508d80aac056c1b358bf1f292519b,exame.com,rss,Exame Invest,Irã diz que é 'inútil' negociar com os EUA e ameaça o acordo a horas da assinatura,https://exame.com/mundo/ira-diz-que-e-inutil-negociar-com-os-eua-e-ameaca-o-acordo-a-horas-da-assinatura,,2026-06-14T11:55:53,2026-06-14T11:55:53Z,2026-06-14T18:37:52.397332+00:00,pt-br,55,336,True,-0.55,negativo,0,1,False,False,True,False,False,False,0.0,0.0,0.1429,0.0,0.0,0.0,0.0,0.0,368df4f43194ae8dc6413eef1cf37166,reit,feedparser
19594b73da619bb289632ba286df6bb91f9775ca1405bdeb77aa25bf841102c8,seudinheiro.com,rss,Seu Dinheiro,Acordo entre EUA e Irã vai sair do papel? Mediadores viajam a Teerã para finalizar negociações; veja o que está em jogo,https://www.seudinheiro.com/2026/internacional/acordo-entre-eua-e-ira-vai-sair-do-papel-mediadores-viajam-a-teera-para-finalizar-negociacoes-veja-o-que-esta-em-jogo-davs,Dani Alvarenga,"Sun, 14 Jun 2026 13:15:23 +0000",2026-06-14T13:15:23Z,2026-06-14T18:37:51.328554+00:00,pt-br,1068,6664,True,0.0,neutro,0,0,False,False,False,False,False,False,0.0,0.0,0.0,0.0,0.0,0.0,0.0,0.0,831dff09ae2d6206bb0645265ed9ed33,reit,feedparser
2063587f33d2c7b8ddc3e7af81fa377a54dca8d6db12c467960caade93ada9f9,fundsexplorer.com.br,scraping,Funds Explorer,"Menu mobile
		toggle Fiis Fiis LISTA DE FIIs Lista de Fiagros Lista de Fiinfras RANKING DE FIIs RENDIMENTOS EMISSÕES E I",https://www.fundsexplorer.com.br,,,,2026-06-14T18:38:03.309688+00:00,pt-br,116,791,True,0.75,positivo,2,0,False,False,False,False,False,False,0.0,0.0,0.0,0.0,0.0,0.0,0.0,0.0,3821ef10d84c8d111dcd44d2c3111c55,fii,requests+bs4
2eb74e737b71890c3bb09917723d030c7305f1136b53c5f4a1453a398f362a9c,empiricus.com.br,rss,Empiricus,"Enquanto criptomoedas sangram, uma ação ligada ao setor dispara; por que será?",https://www.empiricus.com.br/artigos/investimentos/enquanto-criptomoedas-sangram-uma-acao-ligada-ao-setor-dispara-alzs,Marcello Cestari,"Thu, 11 Jun 2026 13:14:13 +0000",2026-06-11T13:14:13Z,2026-06-14T18:37:49.080966+00:00,pt-br,1063,6594,True,-0.2375,negativo,2,6,False,True,True,True,False,False,0.0,0.1667,0.2857,0.25,0.0,0.0,0.0,0.0,ce3058a7901002fc6b5629ee83c5c00c,reit,feedparser
36ed5094130f8ab8968d6ec4b0d4043d6b3c1d20a30f5dd62de9ca8f954f22b1,seudinheiro.com,rss,Seu Dinheiro,PIS/Pasep em junho 2026 cairá na conta amanhã (15); veja valores e quem será contemplado,https://www.seudinheiro.com/2026/economia/pis-pasep-em-junho-2026-caira-na-conta-amanha-15-veja-valores-e-quem-sera-contemplado,Isabella Scaramucci,"Sun, 14 Jun 2026 10:07:00 +0000",2026-06-14T10:07:00Z,2026-06-14T18:37:51.332619+00:00,pt-br,440,2595,True,0.0,neutro,0,0,False,False,False,False,False,False,0.0,0.0,0.0,0.0,0.0,0.0,0.0,0.0,c6da6af60fcdbaa6de966f86b7b53191,reit,feedparser
39922401e0d51f902379d35383a173dc5a24b9e34958f9c8876eb4f783c8c4db,moneytimes.com.br,rss,Money Times,‘Data center em casa’: empresas querem levar a potência da IA para usuários comuns; confira,https://www.moneytimes.com.br/conteudo-de-marca/data-center-em-casa-empresas-querem-levar-a-potencia-da-ia-para-usuarios-comuns-confira-lbrdjm007,Julia Martins,"Sun, 14 Jun 2026 15:00:00 +0000",2026-06-14T15:00:00Z,2026-06-14T18:37:50.232305+00:00,pt-br,451,2867,True,0.275,positivo,3,1,True,True,False,True,False,False,0.1429,0.1667,0.0,0.125,3.7525,0.0355,0.7735,0.6693,41571cca236574eeda2abc637c6639be,fundos imobiliários,feedparser
4157a876d80d35645ba4205b9eb07af87cde5dead40aaffbe1695594337de41a,fiis.com.br,scraping,FIIs.com.br,"O IFIX encerrou o pregão desta sexta-feira (12) em 3.814,03 pontos, com alta de 0,3%, o equivalente a um avanço de 11,40",https://fiis.com.br/#s10,,,,2026-06-14T18:38:09.373831+00:00,pt-br,57,329,True,0.5,positivo,1,0,False,False,False,False,False,False,0.0,0.0,0.0,0.0,0.0,0.0,0.0,0.0,aee572b4fca347b7d031b7f91e7beec4,fundos imobiliários,requests+bs4
4c306caec6260177abe6b6d149b37be52c67b344c4ae92e5d58525a1b600b7f6,empiricus.com.br,rss,Empiricus,Carteira de ETFs: veja o que levar em conta na hora de investir e um portfólio completo com 10 recomendações,https://www.empiricus.com.br/artigos/investimentos/carteira-de-etfs-veja-o-que-levar-em-conta-na-hora-de-investir-e-um-portfolio-completo-com-10-recomendacoes-lbrdjm004,Julia Martins,"Wed, 03 Jun 2026 17:00:00 +0000",2026-06-03T17:00:00Z,2026-06-14T18:37:49.108375+00:00,pt-br,667,4039,True,0.24,positivo,7,3,True,False,True,False,False,False,0.2857,0.0,0.1429,0.0,0.0,0.0,0.0,0.0,74103c8a266809aa3841209c57b7eac8,reit,feedparser
54def1aa80261e2ec6edc36089ba90c3db5df021317ba5ca22c27486e96d7f13,empiricus.com.br,rss,Empiricus,"AXIA6 e ISAE4: Ruy Hungria, da Empiricus Research, comenta investimentos após decisão da justiça",https://www.empiricus.com.br/artigos/investimentos/axia6-e-isae4-ruy-hungria-da-empiricus-research-comenta-investimentos-apos-decisao-da-justica-lbrdbb077,Boris Bellini,"Sun, 31 May 2026 13:00:00 +0000",2026-05-31T13:00:00Z,2026-06-14T18:37:49.131092+00:00,pt-br,760,4854,True,0.2625,positivo,7,5,True,False,True,False,False,False,0.2857,0.0,0.2857,0.0,0.0,0.0,0.0,0.0,d072ca46f0943b4b2052b92f3b720dcf,dividendo,feedparser
5c0524d73a1f4fb7eebfe99aaea337d4cf49b2b737cad689c2a4036744af0065,statusinvest.com.br,scraping,Status Invest,COMUNICADOS HGRU11 PÁTRIA RENDA URBANA 1 comunicado novo/atualizado arrow_right HGBS11 HEDGE BRASIL SHOPPING 2 comunicad,https://statusinvest.com.br/fundos-imobiliarios/hgru11#go-document-section,,,,2026-06-14T18:38:05.493101+00:00,pt-br,59,490,True,0.55,positivo,1,0,True,False,False,False,False,False,0.1429,0.0,0.0,0.0,3.8286,0.0697,0.8365,0.7833,aa704ae750a3b235d030059797984ff3,fii,requests+bs4
5d2764ed5de59954000f482bd75bb226e7a1ae16a982da5b30b48b8a323ffb92,empiricus.com.br,rss,Empiricus,"8 ações para investir com foco em dividendos em junho; confira composição com yield de até 9,4% no ano",https://www.empiricus.com.br/artigos/investimentos/8-acoes-para-investir-com-foco-em-dividendos-em-junho-confira-composicao-com-yield-de-ate-94-no-ano-cato-lbrdcp151,Camila Paim,"Tue, 02 Jun 2026 13:01:00 +0000",2026-06-02T13:01:00Z,2026-06-14T18:37:49.118010+00:00,pt-br,648,4060,True,0.6559,positivo,15,2,True,True,True,False,False,False,0.4286,0.1667,0.2857,0.0,0.0,0.0,0.0,0.0,6515229369e0a77380fdb31f00f8fee6,dividendo,feedparser
62e9f93ac8a92febf4b27861a83c272f6459321c6ae0b71ee27747c4f8bc7689,euqueroinvestir.com,scraping,Eu Quero Investir,"Especiais EQI Research Investimentos para 2026: juros, eleições e o desafio de montar portfólios em um novo ciclo Ações",https://euqueroinvestir.com/eqi-research/investimentos-2026-juros-eleicoes-eqi-research,,,,2026-06-14T18:38:21.864360+00:00,pt-br,118,763,True,0.6625,positivo,4,0,False,True,False,False,False,False,0.0,0.1667,0.0,0.0,7.5085,0.1144,0.6034,0.5005,7d952070004944f035952769437ae93f,fii,requests+bs4
87f48d9336bab841096a140cb33168ef73eba2e85293703aaf49612af19458ea,empiricus.com.br,rss,Empiricus,VISC11 entra na carteira de FIIs recomendada pela Empiricus; veja o que mudou,https://www.empiricus.com.br/artigos/investimentos/visc11-entra-na-carteira-de-fiis-recomendada-pela-empiricus-veja-o-que-mudou-lbrdjt001,Julia Takeashi,"Mon, 08 Jun 2026 19:18:58 +0000",2026-06-08T19:18:58Z,2026-06-14T18:37:49.091143+00:00,pt-br,446,2828,True,-0.06,neutro,2,3,True,False,True,True,False,False,0.1429,0.0,0.1429,0.125,7.8437,0.1309,1.0,0.718,125103e28514222a87ea1c65dc34bbc9,fii,feedparser
a5a284f2b031f17bebb40e38c7d9b92739e662158f80937a6423b3ecde844697,empiricus.com.br,rss,Empiricus,"Ibovespa hoje: payroll em foco, Hezbollah rejeita cessar-fogo e Zelenskyy volta a falar de paz com a Rússia; veja os destaques",https://www.empiricus.com.br/newsletters/mercado-em-cinco-minutos/ibovespa-hoje-payroll-hezbollah-rejeita-cessar-fogo-e-zelenskyy-volta-a-falar-de-paz-com-a-russia-veja-os-destaques-capf,Matheus Spiess,"Fri, 05 Jun 2026 13:29:39 +0000",2026-06-05T13:29:39Z,2026-06-14T18:37:49.102301+00:00,pt-br,2203,14863,True,0.4848,positivo,20,3,False,True,True,False,False,False,0.0,0.3333,0.2857,0.0,0.0,0.0,0.0,0.0,c0e5c5d6b19b9e107f7ae3b39439c2b9,logística,feedparser
ba3521b2ec5a8c754e91a4b18e45231f7d9ddc43d4a7ac2f226eaf4677521315,empiricus.com.br,rss,Empiricus,"Dividendos: Banco do Brasil (BBAS3), Gerdau (GGBR4), Petrobras (PETR4) e outras ações pagam proventos em junho; confira agenda",https://www.empiricus.com.br/sem-categoria/dividendos-banco-do-brasil-bbas3-gerdau-ggbr4-petrobras-petr4-e-outras-acoes-pagam-proventos-em-junho-confira-agenda-cato-lbrdcp150,Camila Paim,"Mon, 01 Jun 2026 11:30:00 +0000",2026-06-01T11:30:00Z,2026-06-14T18:37:49.127276+00:00,pt-br,777,5430,True,0.7683,positivo,39,2,True,False,True,False,False,False,0.7143,0.0,0.2857,0.0,0.0,0.0,0.0,0.0,765f825696cbadbb0ed8a9def381d16c,dividendo,feedparser
ced39066aedf3769240cf62e29b1d78a6ab16677fd774fabc9037b0a78258a7c,statusinvest.com.br,scraping,Status Invest,"BAIXAS BBIG11 BB PREMIUM MALLS FDO DE INV IMOB RESP LIM arrow_downward -2,03 % R$ 6,26 arrow_right MCCI11 FDO INV. MAUA",https://statusinvest.com.br/fundos-imobiliarios/bbig11,,,,2026-06-14T18:38:05.483634+00:00,pt-br,81,525,True,0.0,neutro,0,0,False,False,False,False,False,False,0.0,0.0,0.0,0.0,0.0,0.0,0.0,0.0,c117bf800263bbd6458e315feebe035d,fii,requests+bs4
d183bbb34bb1d0ecc8fcf7c289412c726ba6132d519be8bc86d29e3b84b6b691,fundsexplorer.com.br,scraping,Funds Explorer,search Selecionar Todos Fundos Setor Preço Atual (R$) Liquidez Diária (R$) P/VP Último Dividendo Dividend Yield DY (3M),https://www.fundsexplorer.com.br/ranking#s9,,,,2026-06-14T18:38:03.406480+00:00,pt-br,67,465,True,0.3667,positivo,2,1,True,False,True,False,False,False,0.2857,0.0,0.1429,0.0,0.0,0.0,0.0,0.0,5cd4bd9dcac113a3ac3a705aec5f2928,dividendo,requests+bs4
d217d38b05850142bfd8ed07778a9dfde5d32b3b4ca4d190c1f03fc00a18a935,cnnbrasil.com.br,rss,CNN Brasil Business,Prefeito diz que há estrangeiro entre vítimas de acidente com helicópteros,https://www.cnnbrasil.com.br/nacional/sudeste/rj/prefeito-diz-que-ha-estrangeiro-entre-vitimas-de-acidente-com-helicopteros,carolinagomes,"Sun, 14 Jun 2026 15:46:35 +0000",2026-06-14T15:46:35Z,2026-06-14T18:37:53.808130+00:00,pt-br,1027,6648,True,-0.7,negativo,0,4,False,False,False,True,False,True,0.0,0.0,0.0,0.125,0.0,0.0,0.0,0.0,2bbe44e35bcffbe355b46f20841c60ae,reit,feedparser
d4d5cf747fe3811b1020e07442c4db09458c51ecedc99c333cc1d9f2e7844925,empiricus.com.br,rss,Empiricus,"Pela trigésima-nona vez, ‘dessa vez é diferente’: e como ficam as criptomoedas?",https://www.empiricus.com.br/artigos/investimentos/pela-trigesima-nona-vez-dessa-vez-e-diferente-e-como-ficam-as-criptomoedas-alzs,Luis Kuniyoshi,"Sun, 14 Jun 2026 18:00:00 +0000",2026-06-14T18:00:00Z,2026-06-14T18:37:49.064624+00:00,pt-br,1251,7592,True,-0.1917,negativo,4,8,False,True,True,True,False,False,0.0,0.1667,0.1429,0.125,0.0,0.0,0.0,0.0,aafe13c2ff244ed3685f85485e197f3c,reit,feedparser
d70cf949ed0ad938894349cacafdf1d2c4f5606cacc57155c9754dbc5c31921b,cnnbrasil.com.br,rss,CNN Brasil Business,PL decide lançar candidatura de Flávio Bolsonaro no final de julho em SP,https://www.cnnbrasil.com.br/eleicoes/pl-decide-lancar-candidatura-de-flavio-bolsonaro-no-final-de-julho-em-sp,manoelacarlucci,"Sun, 14 Jun 2026 16:11:14 +0000",2026-06-14T16:11:14Z,2026-06-14T18:37:53.792664+00:00,pt-br,205,1231,True,0.0,neutro,0,0,False,False,False,False,False,False,0.0,0.0,0.0,0.0,0.0,0.0,0.0,0.0,375a91f3ebe7f4f5850039115ecd27fc,reit,feedparser
d7cf141d5f7074515a9c21006de63a4d796642136f8fa601ce14f00fb9f6de85,euqueroinvestir.com,scraping,Eu Quero Investir,"Últimas notícias Fundos Imobiliários FIIs enfrentam pressão dos juros, mas fundos de crédito seguem como destaque, avali",https://euqueroinvestir.com/fundos-imobiliarios/fundos-imobiliarios/fiis-enfrentam-pressao-dos-juros-mas-fundos-de-credito-seguem-como-destaque-avalia-bb,,,,2026-06-14T18:38:21.863154+00:00,pt-br,60,378,True,0.55,positivo,1,0,True,False,False,False,False,False,0.1429,0.0,0.0,0.0,4.9647,0.0759,0.6272,0.6786,989b2c2038e045f11b033c849ff508f0,fii,requests+bs4
dad9e35877723a9f49fe1ee66d49a889de8f363068586df74afec88a2ccd8618,euqueroinvestir.com,scraping,Eu Quero Investir,"Fundos Imobiliários Pátria aposta em consolidação dos FIIs e vê oportunidades em logística e escritórios, diz Safra Gest",https://euqueroinvestir.com/fundos-imobiliarios/fundos-imobiliarios/patria-aposta-em-consolidacao-dos-fiis-e-ve-oportunidades-em-logistica-e-escritorios-diz-safra,,,,2026-06-14T18:38:21.862070+00:00,pt-br,92,601,True,0.5,positivo,1,0,False,False,False,False,False,False,0.0,0.0,0.0,0.0,4.0173,0.0828,0.8644,0.5822,988528f749b5b908b69fbef556182187,fii,requests+bs4
dcd988acd4c6c59469810708b2e31fd1444cb73db7eb1d0e0da38999e6359c00,empiricus.com.br,rss,Empiricus,"Ibovespa hoje: Copa do Mundo, conta fiscal para 2027, petróleo e IA voltam ao ‘radar’ de mercado",https://www.empiricus.com.br/artigos/investimentos/ibovespa-hoje-copa-do-mundo-conta-fiscal-para-2027-petroleo-e-ia-voltam-ao-radar-de-mercado-imsd,Matheus Spiess,"Thu, 11 Jun 2026 14:08:38 +0000",2026-06-11T14:08:38Z,2026-06-14T18:37:49.078632+00:00,pt-br,1932,12536,True,0.1687,positivo,10,6,False,True,True,True,False,False,0.0,0.3333,0.5714,0.25,0.0,0.0,0.0,0.0,99137d039be71bfe9456f2150bc66f70,reit,feedparser
e3720d4881f684435adca6a9b00deb444bfa4c9cdddef75cdb3dc59a94bb0702,cnnbrasil.com.br,rss,CNN Brasil Business,Irã diz que ainda não tomou decisão final sobre acordo com os EUA; entenda,https://www.cnnbrasil.com.br/internacional/ira-diz-que-ainda-nao-tomou-decisao-final-sobre-acordo-com-os-eua-entenda,gabrielapiva,"Sun, 14 Jun 2026 14:15:30 +0000",2026-06-14T14:15:30Z,2026-06-14T18:37:53.829494+00:00,pt-br,629,4038,True,0.0,neutro,0,0,False,False,False,False,False,False,0.0,0.0,0.0,0.0,0.0,0.0,0.0,0.0,9792f38c53d9df958b9bde300a57ab84,reit,feedparser
e8e6557c559a2596e21739fd7987c5e8a2c6bd9451b35b57253467f33a800c10,empiricus.com.br,rss,Empiricus,"Ibovespa hoje: Trump cancela ataques ao Irã, IPCA de maio e mais destaques desta sexta (12)",https://www.empiricus.com.br/artigos/investimentos/ibovespa-hoje-mercados-abrem-em-tom-favoravel-com-bolsa-em-alta-e-dolar-em-queda-alzs,Matheus Spiess,"Fri, 12 Jun 2026 13:58:13 +0000",2026-06-12T13:58:13Z,2026-06-14T18:37:49.073066+00:00,pt-br,2198,14462,True,-0.0421,neutro,16,22,False,True,True,True,False,False,0.0,0.6667,0.8571,0.125,0.0,0.0,0.0,0.0,161ec176d2a95774e8ee70b7e9f9fc3c,reit,feedparser
ebafdb27338ef6a4ad29c1bd0d0648766d745db0b0078dc55575c6c3ac3dcead,einvestidor.estadao.com.br,rss,E-Investidor Estadão,Ibovespa hoje: Usiminas (USIM5) lidera altas e já sobe quase 72% no ano; Cosan (CSAN3) cai,https://einvestidor.estadao.com.br/mercado/ibovespa-hoje-usiminas-usim5-lidera-altas-cosan-csan3-cai,Beatriz Rocha,"Wed, 27 May 2026 21:47:03 +0000",2026-05-27T21:47:03Z,2026-06-14T18:37:57.696012+00:00,pt-br,756,4389,True,-0.0053,neutro,10,9,False,True,True,True,False,False,0.0,0.1667,0.1429,0.375,0.0,0.0,0.0,0.0,4e4ab296c53bc0449c81480eaaf823e1,reit,feedparser
ee59c6d67ca1b525d0240f708f5c7695b656d835a2c33d6fd4e4cc66678d0c95,fiis.com.br,scraping,FIIs.com.br,Fundos imobiliários FIIS Atualizações RELATÓRIOS ASSEMBLEIAS RENDIMENTOS FATOS RELEV. INFORMES AMORTIZAÇÃO outros Mercad,https://fiis.com.br/cacr11,,,,2026-06-14T18:38:09.368474+00:00,pt-br,82,504,True,0.75,positivo,1,0,False,False,False,False,False,False,0.0,0.0,0.0,0.0,4.4477,0.1684,1.0,0.725,a0966ec1caedcdf649a7eff5fb075304,fii,requests+bs4
fc2b28409ead7375af4aec01e5d5222bb26677ab0d31eb59cad4e6a94d21481e,borainvestir.b3.com.br,scraping,Bora Investir (B3),"Notícias INPC, inflação usada para reajustar salários, soma 4,42% em 12 meses 12/06/26 2 min de leitura BDRs Ações da Sp",https://borainvestir.b3.com.br/noticias/inpc-inflacao-usada-para-reajustar-salarios-soma-442-em-12-meses,,,,2026-06-14T18:38:23.852889+00:00,pt-br,390,2274,True,0.4111,positivo,8,1,True,True,False,True,False,False,0.1429,0.1667,0.0,0.125,0.0,0.0,0.0,0.0,b18d57f05f6d68f7bc5ff19d94051509,reit,requests+bs4
0883adcbef54afbafda7156a470bf9b5370092a7c58b6c968a08eba6ee95b73c,empiricus.com.br,rss,Empiricus,"Selic a 14% ao ano ‘ainda é lucro’, e IPCA + 8% nos títulos públicos reflete ‘risco de calote’, segundo analista",https://www.empiricus.com.br/artigos/investimentos/selic-a-14-ao-ano-ainda-e-lucro-retorno-nos-titulos-publicos-reflete-risco-de-calote-segundo-analista-lbrdaz242,Anna Larissa Zeferino,"Thu, 11 Jun 2026 14:13:34 +0000",2026-06-11T14:13:34Z,2026-06-14T18:37:49.076608+00:00,pt-br,1000,5934,True,-0.2333,negativo,5,10,True,False,True,False,False,True,0.1429,0.0,0.2857,0.0,0.0,0.0,0.0,0.0,ef680df3414818a6ef2b77a68276b0c3,fundos imobiliários,feedparser
0fbd2e5b5e72044c81170379aff5efc497891465f627682f360df96c03e84a41,empiricus.com.br,rss,Empiricus,Ibovespa hoje: petróleo cai e bolsas globais sobem com perspectiva de trégua no Oriente Médio; veja os destaques do dia,https://www.empiricus.com.br/artigos/investimentos/ibovespa-hoje-petroleo-cai-e-bolsas-globais-sobem-com-perspectiva-de-tregua-no-oriente-medio-veja-os-destaques-do-dia-jrey,Matheus Spiess,"Tue, 09 Jun 2026 12:44:38 +0000",2026-06-09T12:44:38Z,2026-06-14T18:37:49.090199+00:00,pt-br,2265,15057,True,0.105,neutro,17,13,True,True,True,True,False,False,0.1429,0.3333,0.5714,0.25,0.0,0.0,0.0,0.0,87521f85ba47e1b323fbb74de412198c,reit,feedparser
10b585c3f04b659e44b24224f854650b6456ee703cc563c0ed1aafb8abc834a2,sunoresearch.com.br,rss,Suno Research,FIDC: o que são fundos de direitos creditórios,https://www.suno.com.br/artigos/fidc-o-que-sao-fundos-direito-creditorio-gss,Guilherme Serrano Silva,"Wed, 13 May 2026 14:19:39 +0000",2026-05-13T14:19:39Z,2026-06-14T18:37:56.009168+00:00,pt-br,1086,7075,True,-0.236,negativo,8,17,True,True,True,False,False,True,0.1429,0.1667,0.2857,0.0,0.0,0.0,0.0,0.0,8de7df9505cce63f62bed9b531645712,reit,feedparser
114d9d1bebafd0abf835a559d428be29c21e8140fa662cf31facb2c419f80e21,fundsexplorer.com.br,scraping,Funds Explorer,Colunas Selecionadas search Selecionar Todos Fundos Setor Preço Atual (R$) Liquidez Diária (R$) P/VP Último Dividendo Di,https://www.fundsexplorer.com.br/ranking#s8,,,,2026-06-14T18:38:03.405091+00:00,pt-br,69,486,True,0.3667,positivo,2,1,True,False,True,False,False,False,0.2857,0.0,0.1429,0.0,0.0,0.0,0.0,0.0,243d16dbab722d5b06be874c054cc148,dividendo,requests+bs4
11688a523f5a4f2064701157c42d5a682a5bbd01f5399071aad25a309530ab49,empiricus.com.br,rss,Empiricus,"Aos vencedores, a ressaca?",https://www.empiricus.com.br/newsletters/day-one/aos-vencedores-a-ressaca-jtak,Rodolfo Amstalden,"Wed, 10 Jun 2026 14:15:29 +0000",2026-06-10T14:15:29Z,2026-06-14T18:37:49.081921+00:00,pt-br,420,2576,True,0.0,neutro,0,0,False,False,False,False,False,False,0.0,0.0,0.0,0.0,0.0,0.0,0.0,0.0,002569a71cb7aa825fc5cf82a2db7db4,papel,feedparser
190153439352f08a0823f733be08fd2918dc2911bb597dc62226a2cf35304525,einvestidor.estadao.com.br,rss,E-Investidor Estadão,Citi mantém cautela com Natura (NATU3) após resultado fraco e corta projeções,https://einvestidor.estadao.com.br/ultimas/citi-natura-natu3-turbulento-expectativa-avanco-margem-recomendacao-neutra,Estadão Conteúdo,"Wed, 27 May 2026 21:38:58 +0000",2026-05-27T21:38:58Z,2026-06-14T18:37:57.697119+00:00,pt-br,240,1421,True,0.1583,positivo,7,5,False,True,True,True,False,False,0.0,0.3333,0.1429,0.125,0.0,0.0,0.0,0.0,8191173581ae03f63af57882c0d1db9e,reit,feedparser
19a9cdf29538ba5f3adc2462b6f8391fab317f98c74172ea7de991b8eca82387,news.google.com,reddit,news.google.com,Dividendos gordos em risco? Ações e FIIs podem ter proventos taxados com apoio de Lula e Bolsonaro; ideia está no Congresso e pode ferir sua estratégia de renda extra em 2023,https://news.google.com/rss/articles/CBMipgFBVV95cUxPOVJMWjdWNDB5SG5IZTR0OEtzLThyX2JNUk9NckhGcElZbU9vU0oyTFYtRnhHbUZkMGMwaHFyWF8tMG5rR1ctQlA2TFRLendBc1FoNldLb1FkNFJNSUd6ZlVyWWVGbHBtbTBsZmRuc1NiQWp1MkJVcmZibUZ2X3poUjB5enNjaHE0bXY5eWxfa3JzT2lIYWZYMk5kRXpVX1BGcDhmY2dB?oc=5,Seu Dinheiro,"Sun, 02 Oct 2022 13:03:37 GMT",2022-10-02T13:03:37Z,2026-06-14T18:38:31.494647+00:00,pt-br,33,187,True,0.4125,positivo,3,1,True,False,True,False,False,False,0.4286,0.0,0.1429,0.0,0.0,0.0,0.0,0.0,6f63ba492013c61be5b2fb6425f83fdc,fii,feedparser_google_news
1f0715aefa9612817d996ce29fb332281bfe77182bcf9fc4482bf5ec8dc6fbbd,cnnbrasil.com.br,rss,CNN Brasil Business,"Preços do petróleo podem continuar altos até setembro, diz especialista",https://www.cnnbrasil.com.br/economia/macroeconomia/precos-do-petroleo-podem-continuar-altos-ate-setembro-diz-especialista,giselalammers1,"Sun, 14 Jun 2026 15:43:46 +0000",2026-06-14T15:43:46Z,2026-06-14T18:37:53.809130+00:00,pt-br,355,2099,True,-0.65,negativo,0,1,False,False,False,True,False,False,0.0,0.0,0.0,0.125,4.9348,0.0891,1.0,0.695,62dabf0b100a691543f889d645441a2f,reit,feedparser
1fec980c9ae05c9ef14d46e67768eaff8d387ec5d0f0ebc7e2344819649654e8,sunoresearch.com.br,rss,Suno Research,CRA: o que é e como investir,https://www.suno.com.br/artigos/cra-o-que-e-como-investir-gss,Guilherme Serrano Silva,"Wed, 13 May 2026 14:19:48 +0000",2026-05-13T14:19:48Z,2026-06-14T18:37:55.992844+00:00,pt-br,1614,10782,True,0.0218,neutro,20,19,True,True,True,True,False,True,0.1429,0.1667,0.2857,0.125,6.8008,0.1305,1.0,0.7065,d7320d4b263e4e88c0f262aa8c8314ce,reit,feedparser
2396201ad7a2eb66589b67257c08e04f5690443c5539e3dd590ad841c79752f6,empiricus.com.br,rss,Empiricus,"Dividendos: Suzano (SUBZ3) e outras 7 ações da bolsa pagam proventos de até R$ 7,90 por ação nesta semana; veja agenda",https://www.empiricus.com.br/artigos/investimentos/dividendos-suzano-subz3-e-outras-7-acoes-da-bolsa-pagam-proventos-esta-semana-lbrdaz243,Anna Larissa Zeferino,"Sun, 14 Jun 2026 12:00:00 +0000",2026-06-14T12:00:00Z,2026-06-14T18:37:49.068326+00:00,pt-br,373,2431,True,0.7,positivo,20,2,True,False,False,False,False,False,0.7143,0.0,0.0,0.0,0.0,0.0,0.0,0.0,aaec2eee537e43ea5df32a7766cdc42e,reit,feedparser
32935ff4cf7d6c0021b2b73c99be84d9799b1b603f053184daf9e5602f37ea7f,euqueroinvestir.com,scraping,Eu Quero Investir,"Artigos Ver todos EQI Research Faria Lima cheia, retorno menor para o investidor? Ações Os 3 grandes erros do investidor",https://euqueroinvestir.com/fundos-imobiliarios/#,,,,2026-06-14T18:38:21.863609+00:00,pt-br,76,486,True,0.0,neutro,0,0,False,False,False,False,False,False,0.0,0.0,0.0,0.0,0.0,0.0,0.0,0.0,210cee6d67a62bad55b64c2d9190d2a2,fii,requests+bs4
32c8816f678c151ac43ecdf6a07e092682322569103d71933dd2c2a04f320ee8,sunoresearch.com.br,rss,Suno Research,CRI: como funciona o investimento imobiliário,https://www.suno.com.br/artigos/cri-como-funciona-investimento-imobiliario-gss,Guilherme Serrano Silva,"Wed, 13 May 2026 14:19:49 +0000",2026-05-13T14:19:49Z,2026-06-14T18:37:55.982291+00:00,pt-br,1855,12366,True,0.1433,neutro,32,20,True,True,True,False,False,True,0.2857,0.1667,0.4286,0.0,6.0638,0.1146,0.9811,0.7335,e213e70943ab0ded6e0363b89c7fa022,fii,feedparser
368908f4b9590387817ef44c3f06cdbbd2955fe4664fa13363c47b69aad00185,borainvestir.b3.com.br,scraping,Bora Investir (B3),Colunas em destaque Investir melhor Professor Mira: Como blindar seu patrimônio contra os ruídos da economia Professor M,https://borainvestir.b3.com.br/colunistas/professor-mira/como-blindar-seu-patrimonio-contra-os-ruidos-da-economia,,,,2026-06-14T18:38:23.844532+00:00,pt-br,58,397,True,0.0,neutro,0,0,False,False,False,False,False,False,0.0,0.0,0.0,0.0,0.0,0.0,0.0,0.0,7c1ec8a881f0c7fbcc666b08dad6e1f3,fii,requests+bs4
4e9329ffb4d629f004d393a81b1286ea237f62284cba4ed4978488bd83038a6f,cnnbrasil.com.br,rss,CNN Brasil Business,Simulador: Endrick é o favorito da torcida para o time ideal da Seleção,https://www.cnnbrasil.com.br/esportes/futebol/copa-do-mundo/simulador-endrick-e-o-favorito-da-torcida-para-o-time-ideal-da-selecao,leonardocosta,"Sun, 14 Jun 2026 18:22:24 +0000",2026-06-14T18:22:24Z,2026-06-14T18:37:53.750873+00:00,pt-br,272,1566,True,0.0,neutro,0,0,False,False,False,False,False,False,0.0,0.0,0.0,0.0,0.0,0.0,0.0,0.0,78c9f459c679674ab8981296da628244,reit,feedparser
50caf96e2130c38abb7434766fcb2d827b64a8688bf0b4043def9bb4a2b25600,borainvestir.b3.com.br,scraping,Bora Investir (B3),"Notícias agrupadas por categorias Últimas Imposto de renda Mercado Empresas ESG Notícias INPC, inflação usada para reaju",https://borainvestir.b3.com.br/#last-posts,,,,2026-06-14T18:38:23.846344+00:00,pt-br,403,2364,True,0.425,positivo,9,1,True,True,False,True,False,False,0.1429,0.1667,0.0,0.125,0.0,0.0,0.0,0.0,f13daaa9549278d9ca3dcc85b9a1e3c9,reit,requests+bs4
55fb0f064412668b7a92f0cde36476975488ca78cf9035b2144902c43c229e76,investidor10.com.br,scraping,Investidor10,Encontre oportunidades Rankings Rastreador de Ativos Comparador de Ativos Carteiras Recomendadas Renda Fixa de maiores r,https://investidor10.com.br/acoes/rankings,,,,2026-06-14T18:38:19.504244+00:00,pt-br,39,289,True,0.55,positivo,2,0,True,False,False,False,False,False,0.1429,0.0,0.0,0.0,0.0,0.0,0.0,0.0,d77a60ef4e10fada4d77c9ea1555aca1,fii,requests+bs4
57c02592e561c1c46ab9026e4badb9e27bb85a947ec58b604add72021e5bf3c7,statusinvest.com.br,scraping,Status Invest,search visibility visibility_off CONHECER PLANOS INTERNACIONAL arrow_drop_down MERCADO INTERNACIONAL home STOCKs Tudo so,https://lp.statusinvest.com.br/ao/planos-status-invest/,,,,2026-06-14T18:38:05.444913+00:00,pt-br,96,765,True,0.8,positivo,2,0,True,False,False,False,False,False,0.1429,0.0,0.0,0.0,1.2728,0.0338,0.5339,0.707,e251b8512bc520f7b8f3f99eae317270,fii,requests+bs4
5f67278a4ec75be937048f8a487c166f74dfa4c716228c1cc115f3bfae23916c,investidor10.com.br,scraping,Investidor10,Ferramentas Gerenciador de Carteira Rankings Agenda de Dividendos Radar de Dividendos Inteligentes Carteiras Recomendada,https://investidor10.com.br/carteiras/resumo,,,,2026-06-14T18:38:19.508224+00:00,pt-br,34,254,True,0.85,positivo,2,0,True,False,False,False,False,False,0.1429,0.0,0.0,0.0,0.3254,0.0347,0.1555,0.5328,78cd0c95ab446589f76c2a257a128c90,dividendo,requests+bs4
704eab312b905128ced956f629f50d53f6a301d632119b97c0a445421386ded7,investidor10.com.br,scraping,Investidor10,"Mais buscados PETR4 R$ 41,18 0,00% ITUB4 R$ 40,60 0,00% VALE3 R$ 79,17 0,00% ABEV3 R$ 16,61 0,00% BPAC11 R$ 50,39 0,00%",https://investidor10.com.br/acoes/petr4,,,,2026-06-14T18:38:19.505332+00:00,pt-br,105,674,True,0.85,positivo,3,0,True,False,False,False,False,False,0.1429,0.0,0.0,0.0,0.0,0.0,0.0,0.0,b49a12f9955608fb8d0dc1fc2bfac146,dividendo,requests+bs4
729ffe43a4363ad9ff56cdcbdcdab6efe6288ec386d43bb8e9a233d43d55d49a,cnnbrasil.com.br,rss,CNN Brasil Business,Justiça decreta prisão preventiva de trio por morte de jovem em rope jump,https://www.cnnbrasil.com.br/nacional/sudeste/sp/justica-decreta-prisao-preventiva-de-trio-por-morte-de-jovem-em-rope-jump,giulianazanin,"Sun, 14 Jun 2026 17:39:13 +0000",2026-06-14T17:39:13Z,2026-06-14T18:37:53.767645+00:00,pt-br,383,2281,True,-0.5833,negativo,0,3,False,False,True,True,False,False,0.0,0.0,0.1429,0.125,0.0,0.0,0.0,0.0,193b541f10cf77a9d4aff4577544b8e1,reit,feedparser
82befbd84a840a04014448e5319c4255b993d503310505629ccc1ad7c5ce4ed4,empiricus.com.br,rss,Empiricus,Nubank (ROXO34): mercado reage à troca de CFO; confira as sugestões da Empiricus para as ações,https://www.empiricus.com.br/artigos/investimentos/nubank-roxo34-mercado-reage-a-troca-de-cfo-confira-as-sugestoes-da-empiricus-para-as-acoes-lbrdjt002,Julia Takeashi,"Fri, 12 Jun 2026 11:00:00 +0000",2026-06-12T11:00:00Z,2026-06-14T18:37:49.074504+00:00,pt-br,764,5096,True,0.0167,neutro,5,4,True,True,True,False,False,True,0.1429,0.3333,0.1429,0.0,0.0,0.0,0.0,0.0,1665ec9497bce7af868adeba3a76ad64,papel,feedparser
8d8007aaa6d8a35819847ab87f85a96422db8fd8d40eeb6a7cea87899e5352aa,cnnbrasil.com.br,rss,CNN Brasil Business,Helicópteros caíram em pátio e causaram incêndio de 20 carros elétricos,https://www.cnnbrasil.com.br/nacional/sudeste/rj/rj-helicopteros-cairam-em-patio-e-causaram-incendio-de-20-carros-eletricos,Bruna Lopes,"Sun, 14 Jun 2026 14:27:36 +0000",2026-06-14T14:27:36Z,2026-06-14T18:37:53.825976+00:00,pt-br,554,3454,True,-0.65,negativo,0,2,False,False,False,True,False,False,0.0,0.0,0.0,0.125,0.0,0.0,0.0,0.0,5e22e4dc9378fa2df62447ca14d3061c,reit,feedparser
923086eb8aeba544d475a71b73f00a1abdd3ce22302d219a0c4ed265e32b3ebc,sunoresearch.com.br,rss,Suno Research,Fiagro: como investir no agronegócio,https://www.suno.com.br/artigos/fiagro-como-investir-agronegocio-gss,Guilherme Serrano Silva,"Wed, 13 May 2026 14:19:41 +0000",2026-05-13T14:19:41Z,2026-06-14T18:37:56.006473+00:00,pt-br,1117,7279,True,0.3864,positivo,34,10,True,True,True,False,True,True,0.2857,0.6667,0.2857,0.0,3.7406,0.0652,0.6276,0.6297,d6cdd819eb75c7f75e912e8c25387245,fii,feedparser
928d423652dbc645f3380e781e749cd00f478e11e8b3e3cd38d28caaad7026c0,empiricus.com.br,rss,Empiricus,O que a venda de bitcoins pela Strategy deixa de exemplo para quem ‘segue a manada’ no mercado de criptomoedas?,https://www.empiricus.com.br/artigos/investimentos/o-que-a-venda-de-bitcoins-pela-strategy-deixa-de-exemplo-para-quem-segue-a-manada-no-mercado-de-criptomoedas-lbrdbb081,Boris Bellini,"Sun, 14 Jun 2026 13:00:00 +0000",2026-06-14T13:00:00Z,2026-06-14T18:37:49.066381+00:00,pt-br,873,5228,True,0.0075,neutro,8,12,True,True,True,True,False,False,0.2857,0.1667,0.1429,0.125,0.0,0.0,0.0,0.0,2f087213d9df7d7d74eb5e6d2acf7000,fii,feedparser
968639e3dcb6ba31b43290e80ca0501534493615ef84aaaff33fe915c2a92e67,infomoney.com.br,rss,InfoMoney,"Ações militares de Israel matam seis pessoas em Gaza, apesar de esforços por trégua",https://www.infomoney.com.br/mundo/acoes-militares-de-israel-matam-seis-pessoas-em-gaza-apesar-de-esforcos-por-tregua,Reuters,"Sun, 14 Jun 2026 17:45:00 +0000",2026-06-14T17:45:00Z,2026-06-14T18:37:46.559367+00:00,pt-br,436,2763,True,0.0,neutro,0,0,False,False,False,False,False,False,0.0,0.0,0.0,0.0,0.0,0.0,0.0,0.0,8e5b0e86cf7de722dddc9bcdfbcbd8fa,papel,feedparser
972a64783655b31d8fa4bea13e7aa75f464677fb2d4bd2af26888fa66bd2d2c2,fundsexplorer.com.br,scraping,Funds Explorer,FIIs Selecionados search Selecionar Todos AAGR11 AAZQ11 ABCP11 AFHI11 AGRX11 AIEC11 AJFI11 ALMI11 ALZC11 ALZR11 APTO11 A,https://www.fundsexplorer.com.br/ranking#s6,,,,2026-06-14T18:38:03.366531+00:00,pt-br,687,4899,True,0.4125,positivo,3,1,True,False,True,False,False,False,0.4286,0.0,0.1429,0.0,2.4063,0.0282,0.9012,0.7744,cc1c7e5e09ac47275df4e9efd457cc28,fii,requests+bs4
97436896883ffc82617ed5977d5d6aeadac9e8f8e2c7a123b6d917bf0c36e85f,clubefii.com.br,scraping,Clube FII,🍪 Cookies Nós utilizamos cookies para melhorar sua experiência de navegação e fornecer o melhor serviço possível. Para d,https://www.clubefii.com.br/javascript:void(0);,,,,2026-06-14T18:38:07.275889+00:00,pt-br,47,304,True,0.0,neutro,0,0,False,False,False,False,False,False,0.0,0.0,0.0,0.0,0.0,0.0,0.0,0.0,2f81380e77095bbd6797a216c6cf5227,fii,requests+bs4
a0dc5530f1e0c2bbabd189756ed716f96dc08b4962505b6b07b9e80921a6df59,fiis.com.br,scraping,FIIs.com.br,Mais lidas SNAG11 comemora captação de R$ 301 milhões em toque de campainha na B3 Oriente Médio segue comprando milho br,https://fiis.com.br/noticias/snag11-comemora-captacao-301-milhoes-toque-campainha-b3,,,,2026-06-14T18:38:09.374118+00:00,pt-br,89,516,True,0.8,positivo,2,0,True,False,False,False,False,False,0.1429,0.0,0.0,0.0,5.1546,0.1325,0.9127,0.8964,be52a29d4607dece427a185e1630fef1,fii,requests+bs4
a38831ecff049e2cef6b2f799fcb90cc901f1213fb740b5e2012f8d0c66efafd,fiis.com.br,scraping,FIIs.com.br,"O fundo imobiliário ALZR11 atingiu a marca de 200 mil cotistas ao final de abril, consolidando o crescimento de sua base",https://fiis.com.br/#s8,,,,2026-06-14T18:38:09.373633+00:00,pt-br,57,353,True,0.7,positivo,1,0,False,True,False,False,False,False,0.0,0.1667,0.0,0.0,5.2469,0.1253,1.0,0.71,59781aa714274583eb46a380344803b0,fundo imobiliário,requests+bs4
ac55847783a45681155f47f583bf9e2ef9bcd91b1189d0e57a540a45a1eab5aa,fundsexplorer.com.br,scraping,Funds Explorer,search Selecionar Todos AAGR11 AAZQ11 ABCP11 AFHI11 AGRX11 AIEC11 AJFI11 ALMI11 ALZC11 ALZR11 APTO11 APXM11 ARCT11 AROA1,https://www.fundsexplorer.com.br/ranking#s7,,,,2026-06-14T18:38:03.387949+00:00,pt-br,539,3786,True,0.0,neutro,0,0,False,False,False,False,False,False,0.0,0.0,0.0,0.0,2.5325,0.0294,0.9672,0.4836,4668cb55b24aa21e35e388914edbf438,fii,requests+bs4
b0e0e3e6498e8ac5d5518355d7f5595258fd94e132ee580a45197da81eddab65,clubefii.com.br,scraping,Clube FII,Fundos Imobiliários Todos Índice IFIX Tijolo Agências Bancárias Agronegócio Educacional Hospitais Hotéis Incorporação Re,https://clubefii.com.br/fundo_imobiliario_lista,,,,2026-06-14T18:38:07.276476+00:00,pt-br,77,596,True,0.0,neutro,0,0,False,False,False,False,False,False,0.0,0.0,0.0,0.0,0.0,0.0,0.0,0.0,4d57bea4d3ce13ce3d92aa43fa92ed17,fii,requests+bs4
b9b166659ee923ca0bdcefbe783a3be6ec7245d8cbb522bc08f0e18fe00cf0c7,cnnbrasil.com.br,rss,CNN Brasil Business,Youtuber argentino Gaspi também morreu em acidente aéreo no Rio de Janeiro,https://www.cnnbrasil.com.br/nacional/sudeste/rj/youtuber-argentino-gaspi-tambem-morreu-em-acidente-aereo-no-rio-de-janeiro,Rafael Saldanha,"Sun, 14 Jun 2026 18:13:34 +0000",2026-06-14T18:13:34Z,2026-06-14T18:37:53.760282+00:00,pt-br,1160,7352,True,-0.7,negativo,0,4,False,False,False,True,False,True,0.0,0.0,0.0,0.125,0.0,0.0,0.0,0.0,0f8aa1b99b997bf2c3b14be9dc86d6f5,reit,feedparser
c5e248c5c130291424e61439a06d5cae1af1a8fd3d0ec5db5409cf90892f2269,fundsexplorer.com.br,scraping,Funds Explorer,Fundos Setor Preço Atual (R$) Liquidez Diária (R$) P/VP Último Dividendo Dividend Yield DY (3M) Acumulado DY (6M) Acumul,https://www.fundsexplorer.com.br/ranking#s12,,,,2026-06-14T18:38:03.410975+00:00,pt-br,64,441,True,0.3667,positivo,2,1,True,False,True,False,False,False,0.2857,0.0,0.1429,0.0,0.0,0.0,0.0,0.0,f02904512fde5ad0561390183b872c30,dividendo,requests+bs4
ce51e983676fe1e9f8d3d1aa9f17b3035124760f863f420b15a278eee1e9f1d3,empiricus.com.br,rss,Empiricus,Energia nuclear: por que a transição energética vai precisar dela? Confira a resposta no Empiricus Podca$t deste sábado (13),https://www.empiricus.com.br/artigos/investimentos/energia-nuclear-por-que-a-transicao-energetica-vai-precisar-dela-confira-a-resposta-lbrdaz244,Anna Larissa Zeferino,"Sat, 13 Jun 2026 12:00:00 +0000",2026-06-13T12:00:00Z,2026-06-14T18:37:49.070536+00:00,pt-br,565,3597,True,0.5,positivo,2,0,False,False,False,False,False,False,0.0,0.0,0.0,0.0,4.4113,0.0725,1.0,0.65,338a8d9ea1bcc831fc3b3e5057a20116,reit,feedparser
d3f8c24c1ae39b77c0b648eb03c522f92e16f3994b3c7585bc3e8a14331b2250,euqueroinvestir.com,scraping,Eu Quero Investir,Fundos Imobiliários Ágora reforça posição em fundo de recebíveis e adota postura mais defensiva em carteira de FIIs para,https://euqueroinvestir.com/fundos-imobiliarios/fundos-imobiliarios/agora-reforca-posicao-em-fundo-de-recebiveis-e-adota-postura-mais-defensiva-em-carteira-de-fiis-para-junho,,,,2026-06-14T18:38:21.862662+00:00,pt-br,53,337,True,0.0,neutro,0,0,False,False,False,False,False,False,0.0,0.0,0.0,0.0,0.0,0.0,0.0,0.0,0d6281bd3912e05e48d6ec1a7497c3d6,fii,requests+bs4
d45e9e8fc18732f9fa0cf20d3cac24f6a39e34d953f8e6ef14eb48ecca8c02e2,empiricus.com.br,rss,Empiricus,Ibovespa na semana: veja o que esperar dos primeiros pregões de junho após índice despencar 7% em maio,https://www.empiricus.com.br/artigos/investimentos/ibovespa-na-semana-veja-o-que-esperar-dos-primeiros-pregoes-de-junho-apos-indice-despencar-7-em-maio-capf,Matheus Spiess,"Mon, 01 Jun 2026 13:21:51 +0000",2026-06-01T13:21:51Z,2026-06-14T18:37:49.121376+00:00,pt-br,1655,11045,True,0.1676,positivo,11,6,False,True,True,True,False,False,0.0,0.3333,0.5714,0.125,2.1582,0.0341,1.0,0.5503,2bda94ec09e73bfd49e0b2595249d5a2,reit,feedparser
da58509062a7f1140b936fdb5f390727fc31ed2caabbaf5398eebd36a1fc8b84,empiricus.com.br,rss,Empiricus,EUA vs. Pix? Entenda o que está por trás da polêmica e como isso pode mexer com seus investimentos,https://www.empiricus.com.br/artigos/investimentos/eua-vs-pix-entenda-o-que-esta-por-tras-da-polemica-e-como-isso-pode-mexer-com-seus-investimentos-eplu-lbrdcp153,Camila Paim,"Wed, 03 Jun 2026 19:00:31 +0000",2026-06-03T19:00:31Z,2026-06-14T18:37:49.107087+00:00,pt-br,602,3838,True,0.7375,positivo,4,0,True,True,False,False,False,False,0.2857,0.1667,0.0,0.0,3.6869,0.0511,1.0,0.9213,291b0c32faed30b23e9311a537ffc714,dividendo,feedparser
e174241b307415ac9ac31a45492e093891599634661cb3e060d0fade7a7480e1,investidor10.com.br,scraping,Investidor10,Mercado Ações FIIs Ferramentas Notícias IRPF Imposto de Renda 2026 Guia do IRPF Declaração do IRPF Meu DARF PRO Carteira,https://investidor10.com.br,,,,2026-06-14T18:38:19.403348+00:00,pt-br,4017,25267,True,0.4473,positivo,85,26,True,True,True,True,False,False,0.8571,0.3333,0.1429,0.125,6.9592,0.0896,0.9351,0.8017,be2bdb170b0f708255c94fec3d8d8bc7,fii,requests+bs4
e602015f1d8c8d2eeff0bae6f9b6ac34334db3cf66a90d24a89db23a50398c11,investidor10.com.br,scraping,Investidor10,Dividendos Agenda de Dividendos Popular Radar de Dividendos Inteligente Ações que mais pagam dividendos Popular FIIs que,https://investidor10.com.br/acoes/dividendos,,,,2026-06-14T18:38:19.486445+00:00,pt-br,1012,6700,True,0.1827,positivo,25,24,True,False,True,False,False,False,0.2857,0.0,0.1429,0.0,0.0,0.0,0.0,0.0,80dd022d60b2a1efd3ca52b615a14c9d,fii,requests+bs4
efe8d4e991f4d1d3449381bdffe2c3a401a24b1176106713796873488ccf8d68,empiricus.com.br,rss,Empiricus,"Fundos imobiliários: ALZR11, BTHF11, XPML11 e outros FIIs trazem atualizações aos cotistas; confira",https://www.empiricus.com.br/artigos/investimentos/fundos-imobiliarios-xpml11-cpts11-trxf11-e-outros-fiis-trazem-atualizacoes-aos-cotistas-confira-jtak,Caio Araújo,"Tue, 09 Jun 2026 14:03:53 +0000",2026-06-09T14:03:53Z,2026-06-14T18:37:49.086770+00:00,pt-br,499,2918,True,0.6875,positivo,8,0,True,True,False,False,False,False,0.2857,0.1667,0.0,0.0,8.6659,0.1797,1.0,0.9063,e0c068978d93350e3afbaf3995ed7cf5,fii,feedparser
f263dafac7818d22e0524be751c5549c710ef29ccbbd0649dca8c1a2763dc6af,moneytimes.com.br,rss,Money Times,Trump diz que acordo com Irã deve ser assinado neste domingo (14); país persa nega,https://www.moneytimes.com.br/trump-diz-que-acordo-com-ira-deve-ser-assinado-neste-domingo-14-ira-nega-lils,Liliane de Lima,"Sun, 14 Jun 2026 11:51:22 +0000",2026-06-14T11:51:22Z,2026-06-14T18:37:50.235195+00:00,pt-br,386,2351,True,0.0,neutro,0,0,False,False,False,False,False,False,0.0,0.0,0.0,0.0,0.0,0.0,0.0,0.0,439d014dfea2da38d7dd6825a31db83a,reit,feedparser
0358ec663837c24b5b2236e7264109ef35e1fbcd32b80ba93557a6aea5e15161,seudinheiro.com,rss,Seu Dinheiro,"CSN (CSNA3) avança em plano de desinvestimentos e inicia processo para venda de ativos de infraestrutura, diz jornal",https://www.seudinheiro.com/2026/empresas/csn-csna3-incia-processo-para-venda-de-ativos-de-infraestrutura-diz-jornal-davs,Money Times,"Sun, 14 Jun 2026 16:11:04 +0000",2026-06-14T16:11:04Z,2026-06-14T18:37:51.325720+00:00,pt-br,391,2272,True,-0.4167,negativo,1,11,False,False,True,True,False,False,0.0,0.0,0.1429,0.25,0.0,0.0,0.0,0.0,fa2725491801d14420fb7f49314abfea,logística,feedparser
0f4d723887c8027491551490996c875e2019efc50d67b0876d67ce65ed4a04c9,cnnbrasil.com.br,rss,CNN Brasil Business,Trump critica ataques de Israel ao Líbano e pede recuo de ofensiva,https://www.cnnbrasil.com.br/internacional/trump-critica-ataques-de-israel-ao-libano-e-pede-recuo-de-ofensiva,Luciana Caczan,"Sun, 14 Jun 2026 15:16:47 +0000",2026-06-14T15:16:47Z,2026-06-14T18:37:53.815965+00:00,pt-br,227,1341,True,0.75,positivo,2,0,False,True,False,False,False,False,0.0,0.1667,0.0,0.0,0.0,0.0,0.0,0.0,eddb2a2b2e46e792774d1b419308ba71,reit,feedparser
189e85f6853249a5a4aeb758317e061a24c981b74f57e4966efb7ffd398a9c27,fundsexplorer.com.br,scraping,Funds Explorer,Ranking de Fundos Imobiliários Use o filtro para ordenar a tabela abaixo e ordenar os Fundos Imobiliários por cada indic,https://www.fundsexplorer.com.br/ranking#s3,,,,2026-06-14T18:38:03.316455+00:00,pt-br,774,5485,True,0.3929,positivo,5,2,True,False,True,False,False,False,0.4286,0.0,0.1429,0.0,2.28,0.0269,0.8567,0.7462,1f732812a8b0e6c2c2fb1b21104612bc,fii,requests+bs4
193f6e6eacf12767f92738e8683dd33d3f68fb6d2bae258bd1ded48ce1d89935,euqueroinvestir.com,scraping,Eu Quero Investir,"EQI Research Park Shopping São Caetano fortalece tese premium do HGBS11, avalia EQI Research EQI Research Mercado de FI-",https://euqueroinvestir.com/fundos-imobiliarios/eqi-research/hgbss11-park-shopping-sao-caetano-tese-premium,,,,2026-06-14T18:38:21.864119+00:00,pt-br,40,264,True,0.0,neutro,0,0,False,False,False,False,False,False,0.0,0.0,0.0,0.0,5.0624,0.1797,1.0,0.5,086e012ef85b07dcd17fd0ddedaba00f,fii,requests+bs4
2a35428e9993daf8b4e4bb15b368ddd9c2c2f6da141786f3a1718719f36c5880,fundsexplorer.com.br,scraping,Funds Explorer,"Fundos em destaque SNFF11 SUNO FUNDO DE FUNDOS 12,00 % 0,84 Fundo de Fundos SNCI11 SUNO RECEBÍVEIS IMOBILIÁRIOS FDO DE I",https://www.fundsexplorer.com.br/funds/snff11,,,,2026-06-14T18:38:03.415449+00:00,pt-br,61,361,True,0.0,neutro,0,0,False,False,False,False,False,False,0.0,0.0,0.0,0.0,0.0,0.0,0.0,0.0,240f0f41edcdc7e57dd6ac8d14601e04,fii,requests+bs4
2f477ad9468f6fc0d7083f5150f1e104bc41e89e8c32b1707fe009634ca5aa60,cnnbrasil.com.br,rss,CNN Brasil Business,Helicópteros caem no RJ: aeronaves estavam em situação regular na Anac,https://www.cnnbrasil.com.br/nacional/sudeste/rj/helicopteros-caem-no-rj-aeronaves-estavam-em-situacao-regular-na-anac,Rafael Saldanha,"Sun, 14 Jun 2026 15:28:25 +0000",2026-06-14T15:28:25Z,2026-06-14T18:37:53.815220+00:00,pt-br,721,4517,True,0.0,neutro,0,0,False,False,False,False,False,False,0.0,0.0,0.0,0.0,0.0,0.0,0.0,0.0,d719328afae7dd11e7aa8f8dcef687c9,reit,feedparser
32c57f1edcfea83821c0b6b3772e2682d3539ff1c7473b33c9217b0c610f8eef,statusinvest.com.br,scraping,Status Invest,"anúncio TUDO SOBRE OS FUNDOS IMOBILIÁRIOS LISTADOS NA BOLSA DE VALORES! VEJA OS SEGMENTOS, EVENTOS E MUITO MAIS IFIX 3.8",https://statusinvest.com.br/fundos-imobiliarios/#,,,,2026-06-14T18:38:05.447920+00:00,pt-br,31,188,True,0.0,neutro,0,0,False,False,False,False,False,False,0.0,0.0,0.0,0.0,0.0,0.0,0.0,0.0,d2306187c7e37a8139dfdd2874c40261,fii,requests+bs4
3976059eae698c661f79d9f58a5e7979d517f80c75f2d72ada81d17774875a67,fiis.com.br,scraping,FIIs.com.br,"12/06/2026 às 19:50 IFIX fecha sexta-feira em alta de 0,3%, mas encerra semana no vermelho O IFIX encerrou o pregão dest",https://fiis.com.br/noticias/ifix-fecha-sexta-feira-em-alta-de-03-mas-encerra-semana-no-vermelho,,,,2026-06-14T18:38:09.373686+00:00,pt-br,72,420,True,0.5,positivo,2,0,False,False,False,False,False,False,0.0,0.0,0.0,0.0,0.0,0.0,0.0,0.0,f04dfb87806f0de650b94d9176e708fb,fundos imobiliários,requests+bs4
3d643b9e794a8875a9f10a1196b4e7ffc78dc58a91bf30a020eec1a4fd9c42a3,fiis.com.br,scraping,FIIs.com.br,12/06/2026 às 11:10 ALZR11 bate marca de 200 mil cotistas e entra para o rol dos maiores da bolsa O fundo imobiliário AL,https://fiis.com.br/noticias/alzr11-bate-marca-de-200-mil-cotistas-e-entra-para-o-rol-dos-maiores-da-bolsa,,,,2026-06-14T18:38:09.372675+00:00,pt-br,349,2116,True,0.5625,positivo,7,1,True,True,False,False,False,False,0.2857,0.1667,0.0,0.0,4.389,0.0783,0.7847,0.7611,4b7a9cd02704a9ddbf6f003cc29e985e,fii,requests+bs4
4318b0e104c1f0de059b2160b7d4c2cbfc58e2f0784e15d6e8e74eca013de2ee,fundsexplorer.com.br,scraping,Funds Explorer,search Selecionar Todos Agências de Bancos Agricultura agro crédito Educacional Exploração de Imóveis Fazendas FI-Infra,https://www.fundsexplorer.com.br/ranking#s11,,,,2026-06-14T18:38:03.409161+00:00,pt-br,75,586,True,0.55,positivo,1,0,True,False,False,False,False,False,0.1429,0.0,0.0,0.0,6.706,0.1085,1.0,0.865,a111ffa82e8509ade26089f97eacce21,fii,requests+bs4
4587871b6053c079eab6835e464c243de18cc17c784396c036452776e13d5539,empiricus.com.br,rss,Empiricus,"Ibovespa hoje (10): nova escalada militar no Oriente Médio, inflação norte-americana, pesquisa eleitoral e mais destaques",https://www.empiricus.com.br/artigos/investimentos/ibovespa-hoje-10-nova-escalada-militar-no-oriente-medio-inflacao-norte-americana-pesquisa-eleitoral-e-mais-destaques-jrey,Matheus Spiess,"Wed, 10 Jun 2026 13:25:29 +0000",2026-06-10T13:25:29Z,2026-06-14T18:37:49.083507+00:00,pt-br,1762,11687,True,0.0529,neutro,9,8,True,True,True,True,False,False,0.1429,0.1667,0.7143,0.125,0.0,0.0,0.0,0.0,7c72d278958686e46b3cf13a66643ab7,reit,feedparser
459d438af10bc9cdbc392fa06457244367374ffae727c5e6208f26720322ebf2,clubefii.com.br,scraping,Clube FII,Funcionalidades Painel de Atividades Novas Emissões Ativos que sigo Ranking Clube FII Vídeos Comparativo de Ativos Enque,https://clubefii.com.br/fundos-imobiliarios-resumo,,,,2026-06-14T18:38:07.278436+00:00,pt-br,39,303,True,0.75,positivo,1,0,False,False,False,False,False,False,0.0,0.0,0.0,0.0,0.0,0.0,0.0,0.0,d5435ba6572f0e28eadbd499a3b6a74f,fii,requests+bs4
5ca1d759f561655555acd2acab1fcdaa5165dfe0f3474b454b2011d16b413a83,empiricus.com.br,rss,Empiricus,Criptomoedas: como buscar retorno mesmo quando o mercado não ajuda?,https://www.empiricus.com.br/artigos/investimentos/criptomoedas-como-buscar-retorno-mesmo-quando-o-mercado-nao-ajuda-capf,Luis Kuniyoshi,"Sun, 07 Jun 2026 18:00:00 +0000",2026-06-07T18:00:00Z,2026-06-14T18:37:49.096449+00:00,pt-br,1190,7359,True,0.1354,neutro,14,10,True,False,True,True,False,False,0.2857,0.0,0.2857,0.125,0.0,0.0,0.0,0.0,7a5b2c1c0148d481e58050f4c49c920c,dividendo,feedparser
6756b71b7f93ae16242d71bfd2aa31b0499ad6077825e2754530f2b9abd6c57d,statusinvest.com.br,scraping,Status Invest,"TUDO SOBRE OS FUNDOS IMOBILIÁRIOS LISTADOS NA BOLSA DE VALORES! VEJA OS SEGMENTOS, EVENTOS E MUITO MAIS IFIX 3.814 pts 3",https://statusinvest.com.br/indices/ifix,,,,2026-06-14T18:38:05.448205+00:00,pt-br,30,180,True,0.0,neutro,0,0,False,False,False,False,False,False,0.0,0.0,0.0,0.0,0.0,0.0,0.0,0.0,1944439474152e7c1d3ac93ff9b323d3,fii,requests+bs4
6b5b017c3a7d5417d57bd327f7b275be57f3f0beca94ec74c6742f45fbf3ff7c,fiis.com.br,scraping,FIIs.com.br,menu mobile Notícias Artigos Fiis Fiis Atualizações Lista de Fiis Resumo Lupa de FIIs Rendimentos Assembleias Fundos do,https://fiis.com.br,,,,2026-06-14T18:38:09.365796+00:00,pt-br,62,409,True,0.75,positivo,1,0,False,False,False,False,False,False,0.0,0.0,0.0,0.0,0.0,0.0,0.0,0.0,bbda89d9a1d2a78aac756a7537b36533,fii,requests+bs4
7189121c6ac7aefc6661589835c1a67357e91fb08cd7a9004154b6a03ea7eecc,statusinvest.com.br,scraping,Status Invest,anúncio COTAÇÕES DE HOJE -- GERAL -- IFIX SUNO 30 Índice XP de Fundos Imobiliários Índice XP de Fundos Imobiliários de P,https://statusinvest.com.br/fundos-imobiliarios/cacr11,,,,2026-06-14T18:38:05.448822+00:00,pt-br,329,2321,True,0.72,positivo,10,0,True,False,False,False,False,False,0.4286,0.0,0.0,0.0,10.4335,0.1446,0.8402,0.8361,2118a23a2ca40a5dda4b0b92f24e7f41,fii,requests+bs4
77a2371288773cd55ab6416eb4a4074457f319c6cfeb75aeb70d33ce0e7d673a,empiricus.com.br,rss,Empiricus,Petrobras (PETR4) eleva os preços da gasolina e revela movimento importante nos bastidores,https://www.empiricus.com.br/artigos/investimentos/petrobras-petr4-eleva-os-precos-da-gasolina-e-revela-movimento-importante-nos-bastidores-lbrdgm063,Gabriele Marques,"Mon, 01 Jun 2026 17:46:24 +0000",2026-06-01T17:46:24Z,2026-06-14T18:37:49.119624+00:00,pt-br,727,4350,True,0.44,positivo,8,2,True,True,True,False,False,False,0.2857,0.1667,0.1429,0.0,0.0,0.0,0.0,0.0,b598417d3d31f1d857a720f5bfa952fd,dividendo,feedparser
7966bde3f4b9d5aa2992860f0a918ed101e311e45879c3bac49a4625b0fd14fe,cnnbrasil.com.br,rss,CNN Brasil Business,Violência de gangues no Haiti desloca quase 600 mil pessoas em 2025,https://www.cnnbrasil.com.br/internacional/violencia-de-gangues-no-haiti-desloca-quase-600-mil-pessoas-em-2025,Luciana Caczan,"Sun, 14 Jun 2026 16:00:53 +0000",2026-06-14T16:00:53Z,2026-06-14T18:37:53.796064+00:00,pt-br,993,6353,True,-0.6111,negativo,0,9,False,False,True,True,False,False,0.0,0.0,0.2857,0.25,0.0,0.0,0.0,0.0,f8fc2851b44ca1f07c133ebd1e7133cb,reit,feedparser
85e47127334003afe645547d04ed1f23199b13c8a26bd35cf42994427c001e05,seudinheiro.com,rss,Seu Dinheiro,Fundos imobiliários de papel lideram distribuição de dividendos em 2026; confira os principais,https://www.seudinheiro.com/2026/bolsa-dolar/fundos-imobiliarios-de-papel-lideram-ranking-de-dividendos-em-2026-veja-os-10-primeiros-colocados-lvgb,Money Times,"Sat, 13 Jun 2026 20:55:00 +0000",2026-06-13T20:55:00Z,2026-06-14T18:37:51.335092+00:00,pt-br,523,3198,True,0.745,positivo,10,0,True,False,False,False,False,False,0.5714,0.0,0.0,0.0,5.2002,0.1305,0.754,0.8005,3dda04892a2239fc1ae7495561b77232,fii,feedparser
89a2b835dd74e8371728c03c0826c074bb7ad1f3009f15229fdde256491a4313,investidor10.com.br,scraping,Investidor10,"Mais buscados KNCR11 R$ 107,04 0,54% ISNT11 R$ 1.118,00 0,06% KNIP11 R$ 92,00 0,02% HGLG11 R$ 151,39 0,26% ISEN11 R$ 115",https://investidor10.com.br/fiis/kncr11,,,,2026-06-14T18:38:19.508991+00:00,pt-br,87,578,True,0.85,positivo,3,0,True,False,False,False,False,False,0.1429,0.0,0.0,0.0,4.3116,0.0987,1.0,0.955,ae21b8c98189bb22b0f9dd88b9b670c7,fii,requests+bs4
95bd25c9d4cce35a5fa8acfb60bfe3c229c4c37b1035a890b0c2bc21e31fdc18,clubefii.com.br,scraping,Clube FII,"O Clube FII preza pela qualidade do conteúdo e verifica as informações publicadas, ressaltando que não faz qualquer tipo",https://www.clubefii.com.br/#s9,,,,2026-06-14T18:38:07.279496+00:00,pt-br,37,259,True,0.0,neutro,0,0,False,False,False,False,False,False,0.0,0.0,0.0,0.0,0.0,0.0,0.0,0.0,de2d926dd676cfaf34018d0b81512e11,fii,requests+bs4
9aa9a422d30b11ec678ed4ffcf12c08c43a571e204881a8194382d32e4d893d6,cnnbrasil.com.br,rss,CNN Brasil Business,"Após polêmicas, Juliano Cazarré viverá vilão em novela vertical da Globo",https://www.cnnbrasil.com.br/pop/tv/apos-polemicas-juliano-cazarre-vivera-vilao-em-novela-vertical-da-globo,lauratoyama,"Sun, 14 Jun 2026 16:15:02 +0000",2026-06-14T16:15:02Z,2026-06-14T18:37:53.791839+00:00,pt-br,326,1956,True,-0.4,negativo,0,1,False,False,False,False,False,False,0.0,0.0,0.0,0.0,0.0,0.0,0.0,0.0,1d9408100e17bf8552402d9430d3fd9e,papel,feedparser
a8d2af571c2de9ebbbabe3f5cbc33db225e209c87bdf37c32e101ff7d815fe72,news.google.com,reddit,news.google.com,"Mixaria? Maxi Renda (MXRF11) vai pagar dividendos de só R$ 0,09 aos cotistas em setembro; veja carteira que rendeu 64% acima do Ifix no ano e pode gerar proventos de R$ 2,74 este mês",https://news.google.com/rss/articles/CBMi0gJBVV95cUxNNnFnWWJ3aGt5ZFlvNzU1WEdnMUJrTVc5QjVoV3RJSWMzbzRlM1J0TkVMX0xTcnJnRW5uRGFYWjNtTTlId3UyYjJpTDdvQlpvWXc2ZFlwSV94b3BQdmdSY0I2aFphMFBPR2pwTVg0Q2t5Q3R5Vzk4em93a1FDbXQ2YmNvdEJfcTZKRGdxd0V0RXRpdjZDZ0ZtUFdvYV9FMkpyeTRnNGdfRUxVb3pRak56YWRocHVJQ3NmbTYwNGZpS0RVbk0tdjktTG10S2RSeXpoV2JISEVlcXNmR1ZvOWJUaVVsRUtfRTI1UDh0YWZfRUxKZXBMSG9fOUZkdzlpU2hsTnkxLXZnZ1JqNkJzV0FIQkNvemhOTmlkV2xOa2JVR3V1V1Jmc2N3VnN6TWRsLWZWLTYyMkYzdGg3X3NCelB2czRPLXVwWDNmSlNMTlcxZmlCZw?oc=5,Money Times,"Thu, 05 Sep 2024 07:00:00 GMT",2024-09-05T07:00:00Z,2026-06-14T18:38:31.494379+00:00,pt-br,36,194,True,0.7333,positivo,3,0,True,False,False,False,False,False,0.4286,0.0,0.0,0.0,7.3163,0.3654,1.0,0.92,5287bb91ddefd9efbda92b2da31bb24e,dividendo,feedparser_google_news
a9e5b4437a8edaf030289a856773d5d2aada803b202ff679fff9bc4049e9c44d,empiricus.com.br,rss,Empiricus,Corpus Christi: Veja como vão funcionar os bancos e a bolsa de valores nesta quinta-feira (4),https://www.empiricus.com.br/artigos/investimentos/corpus-christi-veja-como-vao-funcionar-os-bancos-e-a-bolsa-de-valores-nesta-quinta-feira-4-eplu-lbrdcp152,Camila Paim,"Wed, 03 Jun 2026 13:23:31 +0000",2026-06-03T13:23:31Z,2026-06-14T18:37:49.114144+00:00,pt-br,771,4916,True,0.7083,positivo,6,0,True,True,False,False,False,False,0.2857,0.3333,0.0,0.0,6.348,0.0968,0.6044,0.7147,749ae5b6d81a74286627e74563ceadaf,fundos imobiliários,feedparser
ae1c53d526bf3404983f0753261a058df4eabb441a2c0c3bcb6e8f8aba1646a1,empiricus.com.br,rss,Empiricus,Kinea Infra (KDIF11) e mais: veja ativos para investir com foco em renda extra em junho,https://www.empiricus.com.br/artigos/investimentos/kinea-infra-kdif11-e-mais-veja-ativos-para-investir-com-foco-em-renda-extra-em-junho-lbrdjm005,Julia Martins,"Sat, 06 Jun 2026 15:00:00 +0000",2026-06-06T15:00:00Z,2026-06-14T18:37:49.099351+00:00,pt-br,520,3222,True,0.4583,positivo,11,1,True,False,True,False,False,False,0.1429,0.0,0.1429,0.0,7.7834,0.1758,1.0,0.8375,cf340fcd7ca9bb38206b888e65612fca,fundos imobiliários,feedparser
aecfc35f2234b16e8792597fe82c43feead83e208784e3b4ce4d03b7a195b25e,fundsexplorer.com.br,scraping,Funds Explorer,29/01/2026 Funds Explorer Apresenta: Visão do CIO 22/01/2026 Por que investidores perdem dinheiro mesmo sabendo investir,https://www.youtube.com/watch?v=dJN4cANTgko,,,,2026-06-14T18:38:03.416496+00:00,pt-br,38,292,True,0.0,neutro,0,0,False,False,False,False,False,False,0.0,0.0,0.0,0.0,0.0,0.0,0.0,0.0,26449666b4182d14f657dcb0ba098184,fii,requests+bs4
bb91cf8942f659c5f8a6d9eafe6c96b85823165dac1752799dfae4f55da241c5,empiricus.com.br,rss,Empiricus,Renda passiva não é a melhor estratégia para quem vai se aposentar nas próximas décadas; entenda,https://www.empiricus.com.br/sem-categoria/renda-passiva-nao-e-a-melhor-estrategia-para-quem-vai-se-aposentar-nas-proximas-decadas-entenda-cato-lbrdis590,Isabelle Santos,"Sat, 30 May 2026 15:00:00 +0000",2026-05-30T15:00:00Z,2026-06-14T18:37:49.132363+00:00,pt-br,781,4678,True,0.5447,positivo,18,1,True,True,True,False,False,False,0.4286,0.3333,0.1429,0.0,0.0,0.0,0.0,0.0,8c5372f7cd3a72bfc3a8a3eee9d4d545,dividendo,feedparser
c59318004953a740461e089044690ac624b35300c6f15ddab7356422bfb7c5a7,fiis.com.br,scraping,FIIs.com.br,"FIIs em destaque Papel: Papéis MXRF11 9,72 -0,31% 12,26% Papel Papel Fiagro: Fiagro SNAG11 10,65 0,19% 13,21% Fiagro Fia",https://fiis.com.br/mxrf11,,,,2026-06-14T18:38:09.370865+00:00,pt-br,47,323,True,0.0,neutro,0,0,False,False,False,False,False,False,0.0,0.0,0.0,0.0,3.7785,0.1339,1.0,0.5,20a21f9832d70e4e5dd7218caafe6f53,fii,requests+bs4
fc98344343fb630797990d4baadc14c035256a974eaa2685322a057622aa21d7,fundsexplorer.com.br,scraping,Funds Explorer,Ranking de Fundos FIIs Selecionados search Selecionar Todos AAGR11 AAZQ11 ABCP11 AFHI11 AGRX11 AIEC11 AJFI11 ALMI11 ALZC,https://www.fundsexplorer.com.br/ranking#s5,,,,2026-06-14T18:38:03.346250+00:00,pt-br,690,4917,True,0.4125,positivo,3,1,True,False,True,False,False,False,0.4286,0.0,0.1429,0.0,2.4019,0.0281,0.8997,0.7736,34bda0c75131bc7dad0a780eaf66e01e,fii,requests+bs4
